question,answer
What is the full form of TIT College?,TIT stands for Technocrats Institute of Technology.
Where is TIT College located?,"TIT College is located in Bhopal, Madhya Pradesh."
What courses are offered at TIT College?,"TIT College offers B.Tech, M.Tech, MBA, MCA, and diploma courses."
Is TIT College approved by AICTE?,"Yes, TIT College is approved by AICTE and affiliated with RGPV."
Does TIT College offer hostel facilities?,"Yes, TIT College provides hostel facilities for both boys and girls."
What is the admission process for B.Tech at TIT College?,Admission to B.Tech is based on JEE Mains score or through counseling by DTE Madhya Pradesh.
Does TIT College provide placement assistance?,"Yes, TIT College has a dedicated placement cell that provides training and placement support."
What are the top recruiters at TIT College?,"Top recruiters include TCS, Wipro, Infosys, Cognizant, Byjuâ€™s, and Tech Mahindra."
How can I contact TIT College?,You can contact TIT College through their official website or call their admission helpline.
What is the fee structure for B.Tech?,The fee structure for B.Tech varies by branch; you can check the official website for detailed information.
